-- ============================================================
--  V3__seed_excel_complet.sql — Donnees REELLES du classeur Excel
-- ------------------------------------------------------------
--  Objectif : inserer l'INTEGRALITE des postes du fichier
--  budget_foyer.xlsx (66 postes : 30 revenus, 32 charges, 4 reserves),
--  fideles au centime.
--
--  Choix d'integration (non destructif vis-a-vis de V2) :
--   * On REUTILISE le foyer, les membres, les comptes et les
--     categories deja crees par V2 (« on fait les liens »).
--   * On AJOUTE la seule categorie manquante : « Revenu passif ».
--   * On AJOUTE un NOUVEAU scenario « Budget reel (Excel complet) »
--     portant les 66 postes reels — plutot que de les ajouter au
--     scenario de demo de V2 (ce qui doublerait les totaux).
--   * Scenario cree est_reference = FALSE (V2 detient deja la
--     reference ; un seul scenario de reference par foyer). Pour en
--     faire la reference : voir la note en bas de fichier.
--
--  Verifie : le moteur sur ce jeu redonne les totaux 2026 attendus
--  Revenus 140350 / Charges 62322 / Reserves 8520 / Solde 69508.
--
--  Mapping des libelles Excel :
--   * Mode « mensualise » -> MENSUALISE ; « periodique » -> PERIODIQUE
--   * Reception/Paiement/Transfert « debut periodicite » -> DEBUT_PERIODE
--   * Reserve « Argent mis de coter » -> categorie V2 « Argent mis de cote »
--  Prorata : un override par poste UNIQUEMENT quand la quote-part M1
--  differe du defaut du scenario (0.58) ; sinon heritage du defaut.
-- ============================================================

-- Categorie manquante : Revenu passif (REVENU)
INSERT INTO categorie (id, foyer_id, libelle, type_poste, systeme, ordre) VALUES
    ('41000000-0000-0000-0000-000000000105', '10000000-0000-0000-0000-000000000001', 'Revenu passif', 'REVENU', true, 4);

-- Nouveau scenario : Budget reel (Excel complet)
-- Horizon 25 ans (2026->2050) pour couvrir les revenus « Manguiers ».
INSERT INTO scenario (id, foyer_id, nom, est_reference, annee_depart, tresorerie_initiale, horizon_annees) VALUES
    ('51000000-0000-0000-0000-000000000001', '10000000-0000-0000-0000-000000000001', 'Budget reel (Excel complet)', false, 2026, 0.00, 25);

-- Repartition par defaut du scenario : Dylan 58% / Melanie 42%
INSERT INTO repartition_defaut (id, scenario_id, membre_id, quote_part) VALUES
                                                                            ('61000000-0000-0000-0000-000000000001', '51000000-0000-0000-0000-000000000001', '20000000-0000-0000-0000-000000000001', 0.580000),
                                                                            ('61000000-0000-0000-0000-000000000002', '51000000-0000-0000-0000-000000000001', '20000000-0000-0000-0000-000000000002', 0.420000);


-- ============================================================
--  REVENUS  (30 postes)
-- ============================================================
INSERT INTO poste (id, scenario_id, type, description, categorie_id, montant, periodicite_mois, debut, fin, mode, moment, ordre) VALUES
                                                                                                                                     ('71000000-0000-0000-0000-000000000001', '51000000-0000-0000-0000-000000000001', 'REVENU', 'Salaire net', '40000000-0000-0000-0000-000000000101', 6300.00, 1, '2022-01-01', NULL, 'PERIODIQUE', 'DEBUT_PERIODE', 0),
                                                                                                                                     ('71000000-0000-0000-0000-000000000002', '51000000-0000-0000-0000-000000000001', 'REVENU', 'Salaire net', '40000000-0000-0000-0000-000000000101', 4700.00, 1, '2024-01-01', NULL, 'PERIODIQUE', 'DEBUT_PERIODE', 1),
                                                                                                                                     ('71000000-0000-0000-0000-000000000003', '51000000-0000-0000-0000-000000000001', 'REVENU', '13ème salaire', '40000000-0000-0000-0000-000000000101', 6300.00, 12, '2026-11-01', NULL, 'PERIODIQUE', 'DEBUT_PERIODE', 2),
                                                                                                                                     ('71000000-0000-0000-0000-000000000004', '51000000-0000-0000-0000-000000000001', 'REVENU', 'Allocation familiale', '40000000-0000-0000-0000-000000000102', 230.00, 1, '2026-08-01', NULL, 'PERIODIQUE', 'DEBUT_PERIODE', 3),
                                                                                                                                     ('71000000-0000-0000-0000-000000000005', '51000000-0000-0000-0000-000000000001', 'REVENU', 'Manguiers (minimum garanti)', '41000000-0000-0000-0000-000000000105', 400.00, 1, '2026-12-01', '2026-12-31', 'PERIODIQUE', 'DEBUT_PERIODE', 4),
                                                                                                                                     ('71000000-0000-0000-0000-000000000006', '51000000-0000-0000-0000-000000000001', 'REVENU', 'Manguiers (minimum garanti)', '41000000-0000-0000-0000-000000000105', 1100.00, 1, '2027-12-01', '2027-12-31', 'PERIODIQUE', 'DEBUT_PERIODE', 5),
                                                                                                                                     ('71000000-0000-0000-0000-000000000007', '51000000-0000-0000-0000-000000000001', 'REVENU', 'Manguiers (minimum garanti)', '41000000-0000-0000-0000-000000000105', 1650.00, 1, '2028-12-01', '2028-12-31', 'PERIODIQUE', 'DEBUT_PERIODE', 6),
                                                                                                                                     ('71000000-0000-0000-0000-000000000008', '51000000-0000-0000-0000-000000000001', 'REVENU', 'Manguiers (minimum garanti)', '41000000-0000-0000-0000-000000000105', 2150.00, 1, '2029-12-01', '2029-12-31', 'PERIODIQUE', 'DEBUT_PERIODE', 7),
                                                                                                                                     ('71000000-0000-0000-0000-000000000009', '51000000-0000-0000-0000-000000000001', 'REVENU', 'Manguiers (minimum garanti)', '41000000-0000-0000-0000-000000000105', 3200.00, 1, '2030-12-01', '2030-12-31', 'PERIODIQUE', 'DEBUT_PERIODE', 8),
                                                                                                                                     ('71000000-0000-0000-0000-000000000010', '51000000-0000-0000-0000-000000000001', 'REVENU', 'Manguiers (minimum garanti)', '41000000-0000-0000-0000-000000000105', 3700.00, 1, '2031-12-01', '2031-12-31', 'PERIODIQUE', 'DEBUT_PERIODE', 9),
                                                                                                                                     ('71000000-0000-0000-0000-000000000011', '51000000-0000-0000-0000-000000000001', 'REVENU', 'Manguiers (minimum garanti)', '41000000-0000-0000-0000-000000000105', 4200.00, 1, '2032-12-01', '2032-12-31', 'PERIODIQUE', 'DEBUT_PERIODE', 10),
                                                                                                                                     ('71000000-0000-0000-0000-000000000012', '51000000-0000-0000-0000-000000000001', 'REVENU', 'Manguiers (minimum garanti)', '41000000-0000-0000-0000-000000000105', 4750.00, 1, '2033-12-01', '2033-12-31', 'PERIODIQUE', 'DEBUT_PERIODE', 11),
                                                                                                                                     ('71000000-0000-0000-0000-000000000013', '51000000-0000-0000-0000-000000000001', 'REVENU', 'Manguiers (minimum garanti)', '41000000-0000-0000-0000-000000000105', 4750.00, 1, '2034-12-01', '2034-12-31', 'PERIODIQUE', 'DEBUT_PERIODE', 12),
                                                                                                                                     ('71000000-0000-0000-0000-000000000014', '51000000-0000-0000-0000-000000000001', 'REVENU', 'Manguiers (minimum garanti)', '41000000-0000-0000-0000-000000000105', 4750.00, 1, '2035-12-01', '2035-12-31', 'PERIODIQUE', 'DEBUT_PERIODE', 13),
                                                                                                                                     ('71000000-0000-0000-0000-000000000015', '51000000-0000-0000-0000-000000000001', 'REVENU', 'Manguiers (minimum garanti)', '41000000-0000-0000-0000-000000000105', 4750.00, 1, '2036-12-01', '2036-12-31', 'PERIODIQUE', 'DEBUT_PERIODE', 14),
                                                                                                                                     ('71000000-0000-0000-0000-000000000016', '51000000-0000-0000-0000-000000000001', 'REVENU', 'Manguiers (minimum garanti)', '41000000-0000-0000-0000-000000000105', 4750.00, 1, '2037-12-01', '2037-12-31', 'PERIODIQUE', 'DEBUT_PERIODE', 15),
                                                                                                                                     ('71000000-0000-0000-0000-000000000017', '51000000-0000-0000-0000-000000000001', 'REVENU', 'Manguiers (minimum garanti)', '41000000-0000-0000-0000-000000000105', 4750.00, 1, '2038-12-01', '2038-12-31', 'PERIODIQUE', 'DEBUT_PERIODE', 16),
                                                                                                                                     ('71000000-0000-0000-0000-000000000018', '51000000-0000-0000-0000-000000000001', 'REVENU', 'Manguiers (minimum garanti)', '41000000-0000-0000-0000-000000000105', 4750.00, 1, '2039-12-01', '2039-12-31', 'PERIODIQUE', 'DEBUT_PERIODE', 17),
                                                                                                                                     ('71000000-0000-0000-0000-000000000019', '51000000-0000-0000-0000-000000000001', 'REVENU', 'Manguiers (minimum garanti)', '41000000-0000-0000-0000-000000000105', 4750.00, 1, '2040-12-01', '2040-12-31', 'PERIODIQUE', 'DEBUT_PERIODE', 18),
                                                                                                                                     ('71000000-0000-0000-0000-000000000020', '51000000-0000-0000-0000-000000000001', 'REVENU', 'Manguiers (minimum garanti)', '41000000-0000-0000-0000-000000000105', 4750.00, 1, '2041-12-01', '2041-12-31', 'PERIODIQUE', 'DEBUT_PERIODE', 19),
                                                                                                                                     ('71000000-0000-0000-0000-000000000021', '51000000-0000-0000-0000-000000000001', 'REVENU', 'Manguiers (minimum garanti)', '41000000-0000-0000-0000-000000000105', 4750.00, 1, '2042-12-01', '2042-12-31', 'PERIODIQUE', 'DEBUT_PERIODE', 20),
                                                                                                                                     ('71000000-0000-0000-0000-000000000022', '51000000-0000-0000-0000-000000000001', 'REVENU', 'Manguiers (minimum garanti)', '41000000-0000-0000-0000-000000000105', 4750.00, 1, '2043-12-01', '2043-12-31', 'PERIODIQUE', 'DEBUT_PERIODE', 21),
                                                                                                                                     ('71000000-0000-0000-0000-000000000023', '51000000-0000-0000-0000-000000000001', 'REVENU', 'Manguiers (minimum garanti)', '41000000-0000-0000-0000-000000000105', 4750.00, 1, '2044-12-01', '2044-12-31', 'PERIODIQUE', 'DEBUT_PERIODE', 22),
                                                                                                                                     ('71000000-0000-0000-0000-000000000024', '51000000-0000-0000-0000-000000000001', 'REVENU', 'Manguiers (minimum garanti)', '41000000-0000-0000-0000-000000000105', 4750.00, 1, '2045-12-01', '2045-12-31', 'PERIODIQUE', 'DEBUT_PERIODE', 23),
                                                                                                                                     ('71000000-0000-0000-0000-000000000025', '51000000-0000-0000-0000-000000000001', 'REVENU', 'Manguiers (minimum garanti)', '41000000-0000-0000-0000-000000000105', 4750.00, 1, '2046-12-01', '2046-12-31', 'PERIODIQUE', 'DEBUT_PERIODE', 24),
                                                                                                                                     ('71000000-0000-0000-0000-000000000026', '51000000-0000-0000-0000-000000000001', 'REVENU', 'Manguiers (minimum garanti)', '41000000-0000-0000-0000-000000000105', 4750.00, 1, '2047-12-01', '2047-12-31', 'PERIODIQUE', 'DEBUT_PERIODE', 25),
                                                                                                                                     ('71000000-0000-0000-0000-000000000027', '51000000-0000-0000-0000-000000000001', 'REVENU', 'Manguiers (minimum garanti)', '41000000-0000-0000-0000-000000000105', 4750.00, 1, '2048-12-01', '2048-12-31', 'PERIODIQUE', 'DEBUT_PERIODE', 26),
                                                                                                                                     ('71000000-0000-0000-0000-000000000028', '51000000-0000-0000-0000-000000000001', 'REVENU', 'Manguiers (minimum garanti)', '41000000-0000-0000-0000-000000000105', 4750.00, 1, '2049-12-01', '2049-12-31', 'PERIODIQUE', 'DEBUT_PERIODE', 27),
                                                                                                                                     ('71000000-0000-0000-0000-000000000029', '51000000-0000-0000-0000-000000000001', 'REVENU', 'Manguiers (minimum garanti)', '41000000-0000-0000-0000-000000000105', 4750.00, 1, '2050-12-01', '2050-12-31', 'PERIODIQUE', 'DEBUT_PERIODE', 28),
                                                                                                                                     ('71000000-0000-0000-0000-000000000030', '51000000-0000-0000-0000-000000000001', 'REVENU', 'Salon', '40000000-0000-0000-0000-000000000103', 500.00, 1, '2026-04-01', '2026-04-30', 'PERIODIQUE', 'DEBUT_PERIODE', 29);

-- ============================================================
--  CHARGES  (32 postes)
-- ============================================================
INSERT INTO poste (id, scenario_id, type, description, categorie_id, montant, periodicite_mois, debut, fin, mode, moment, ordre) VALUES
                                                                                                                                     ('71000000-0000-0000-0000-000000000031', '51000000-0000-0000-0000-000000000001', 'CHARGE', 'Loyer', '40000000-0000-0000-0000-000000000001', 1500.00, 1, '2025-08-01', NULL, 'MENSUALISE', 'DEBUT_PERIODE', 0),
                                                                                                                                     ('71000000-0000-0000-0000-000000000032', '51000000-0000-0000-0000-000000000001', 'CHARGE', 'Electricité', '40000000-0000-0000-0000-000000000001', 360.00, 3, '2026-01-01', NULL, 'MENSUALISE', 'DEBUT_PERIODE', 1),
                                                                                                                                     ('71000000-0000-0000-0000-000000000033', '51000000-0000-0000-0000-000000000001', 'CHARGE', 'Internet / TV', '40000000-0000-0000-0000-000000000001', 43.00, 1, '2026-01-01', NULL, 'MENSUALISE', 'DEBUT_PERIODE', 2),
                                                                                                                                     ('71000000-0000-0000-0000-000000000034', '51000000-0000-0000-0000-000000000001', 'CHARGE', 'Assurance ménage', '40000000-0000-0000-0000-000000000004', 630.00, 12, '2026-01-01', NULL, 'MENSUALISE', 'DEBUT_PERIODE', 3),
                                                                                                                                     ('71000000-0000-0000-0000-000000000035', '51000000-0000-0000-0000-000000000001', 'CHARGE', 'Redevance TV / Radio', '40000000-0000-0000-0000-000000000006', 335.00, 12, '2026-01-01', NULL, 'MENSUALISE', 'DEBUT_PERIODE', 4),
                                                                                                                                     ('71000000-0000-0000-0000-000000000036', '51000000-0000-0000-0000-000000000001', 'CHARGE', 'Taxes poubelles', '40000000-0000-0000-0000-000000000001', 111.00, 12, '2026-01-01', NULL, 'MENSUALISE', 'DEBUT_PERIODE', 5),
                                                                                                                                     ('71000000-0000-0000-0000-000000000037', '51000000-0000-0000-0000-000000000001', 'CHARGE', 'Place de parc', '40000000-0000-0000-0000-000000000001', 100.00, 1, '2026-01-01', NULL, 'MENSUALISE', 'DEBUT_PERIODE', 6),
                                                                                                                                     ('71000000-0000-0000-0000-000000000038', '51000000-0000-0000-0000-000000000001', 'CHARGE', 'Assurance AUTO', '40000000-0000-0000-0000-000000000003', 1169.00, 12, '2026-01-01', NULL, 'MENSUALISE', 'DEBUT_PERIODE', 7),
                                                                                                                                     ('71000000-0000-0000-0000-000000000039', '51000000-0000-0000-0000-000000000001', 'CHARGE', 'Essence AUTO', '40000000-0000-0000-0000-000000000003', 100.00, 1, '2026-01-01', NULL, 'MENSUALISE', 'DEBUT_PERIODE', 8),
                                                                                                                                     ('71000000-0000-0000-0000-000000000040', '51000000-0000-0000-0000-000000000001', 'CHARGE', 'Charges AUTO divers (service, réparation, …)', '40000000-0000-0000-0000-000000000003', 900.00, 12, '2026-01-01', NULL, 'MENSUALISE', 'DEBUT_PERIODE', 9),
                                                                                                                                     ('71000000-0000-0000-0000-000000000041', '51000000-0000-0000-0000-000000000001', 'CHARGE', 'Plaque / Taxe CO2 AUTO', '40000000-0000-0000-0000-000000000003', 380.00, 12, '2026-01-01', NULL, 'MENSUALISE', 'DEBUT_PERIODE', 10),
                                                                                                                                     ('71000000-0000-0000-0000-000000000042', '51000000-0000-0000-0000-000000000001', 'CHARGE', 'Vignette', '40000000-0000-0000-0000-000000000003', 40.00, 12, '2026-01-01', NULL, 'MENSUALISE', 'DEBUT_PERIODE', 11),
                                                                                                                                     ('71000000-0000-0000-0000-000000000043', '51000000-0000-0000-0000-000000000001', 'CHARGE', 'Courses alimentaires', '40000000-0000-0000-0000-000000000005', 600.00, 1, '2026-01-01', NULL, 'MENSUALISE', 'DEBUT_PERIODE', 12),
                                                                                                                                     ('71000000-0000-0000-0000-000000000044', '51000000-0000-0000-0000-000000000001', 'CHARGE', 'Divers ménages', '40000000-0000-0000-0000-000000000002', 75.00, 1, '2026-01-01', NULL, 'MENSUALISE', 'DEBUT_PERIODE', 13),
                                                                                                                                     ('71000000-0000-0000-0000-000000000045', '51000000-0000-0000-0000-000000000001', 'CHARGE', 'Nourriture / recharges / litières', '40000000-0000-0000-0000-000000000008', 25.00, 1, '2026-01-01', NULL, 'MENSUALISE', 'DEBUT_PERIODE', 14),
                                                                                                                                     ('71000000-0000-0000-0000-000000000046', '51000000-0000-0000-0000-000000000001', 'CHARGE', 'Assurance juridique', '40000000-0000-0000-0000-000000000004', 360.00, 12, '2026-01-01', NULL, 'MENSUALISE', 'DEBUT_PERIODE', 15),
                                                                                                                                     ('71000000-0000-0000-0000-000000000047', '51000000-0000-0000-0000-000000000001', 'CHARGE', 'Besoins du bébé', '40000000-0000-0000-0000-000000000007', 200.00, 1, '2026-01-01', NULL, 'MENSUALISE', 'DEBUT_PERIODE', 16),
                                                                                                                                     ('71000000-0000-0000-0000-000000000048', '51000000-0000-0000-0000-000000000001', 'CHARGE', 'Scooter (essence, plaque, charges)', '40000000-0000-0000-0000-000000000003', 885.00, 12, '2026-01-01', NULL, 'MENSUALISE', 'DEBUT_PERIODE', 17),
                                                                                                                                     ('71000000-0000-0000-0000-000000000049', '51000000-0000-0000-0000-000000000001', 'CHARGE', 'Essence Scooter', '40000000-0000-0000-0000-000000000003', 10.00, 1, '2026-01-01', NULL, 'MENSUALISE', 'DEBUT_PERIODE', 18),
                                                                                                                                     ('71000000-0000-0000-0000-000000000050', '51000000-0000-0000-0000-000000000001', 'CHARGE', 'Netflix', '40000000-0000-0000-0000-000000000006', 15.00, 1, '2026-01-01', NULL, 'MENSUALISE', 'DEBUT_PERIODE', 19),
                                                                                                                                     ('71000000-0000-0000-0000-000000000051', '51000000-0000-0000-0000-000000000001', 'CHARGE', 'Assurance maladie + comp', '40000000-0000-0000-0000-000000000009', 451.00, 1, '2026-01-01', NULL, 'MENSUALISE', 'DEBUT_PERIODE', 20),
                                                                                                                                     ('71000000-0000-0000-0000-000000000052', '51000000-0000-0000-0000-000000000001', 'CHARGE', 'Impôt', '40000000-0000-0000-0000-000000000010', 17000.00, 12, '2026-01-01', NULL, 'MENSUALISE', 'DEBUT_PERIODE', 21),
                                                                                                                                     ('71000000-0000-0000-0000-000000000053', '51000000-0000-0000-0000-000000000001', 'CHARGE', 'Natel', '40000000-0000-0000-0000-000000000006', 33.00, 1, '2026-01-01', NULL, 'MENSUALISE', 'DEBUT_PERIODE', 22),
                                                                                                                                     ('71000000-0000-0000-0000-000000000054', '51000000-0000-0000-0000-000000000001', 'CHARGE', 'Revolut', '40000000-0000-0000-0000-000000000012', 110.00, 12, '2026-01-01', NULL, 'MENSUALISE', 'DEBUT_PERIODE', 23),
                                                                                                                                     ('71000000-0000-0000-0000-000000000055', '51000000-0000-0000-0000-000000000001', 'CHARGE', 'Bancaire', '40000000-0000-0000-0000-000000000012', 16.00, 1, '2024-01-01', NULL, 'MENSUALISE', 'DEBUT_PERIODE', 24),
                                                                                                                                     ('71000000-0000-0000-0000-000000000056', '51000000-0000-0000-0000-000000000001', 'CHARGE', 'Compte joint Neon', '40000000-0000-0000-0000-000000000012', 4.00, 1, '2026-01-01', NULL, 'MENSUALISE', 'DEBUT_PERIODE', 25),
                                                                                                                                     ('71000000-0000-0000-0000-000000000057', '51000000-0000-0000-0000-000000000001', 'CHARGE', 'Foot en salle', '40000000-0000-0000-0000-000000000011', 180.00, 12, '2024-06-01', NULL, 'MENSUALISE', 'DEBUT_PERIODE', 26),
                                                                                                                                     ('71000000-0000-0000-0000-000000000058', '51000000-0000-0000-0000-000000000001', 'CHARGE', 'Google storage', '40000000-0000-0000-0000-000000000006', 5.00, 1, '2026-01-01', NULL, 'MENSUALISE', 'DEBUT_PERIODE', 27),
                                                                                                                                     ('71000000-0000-0000-0000-000000000059', '51000000-0000-0000-0000-000000000001', 'CHARGE', 'Claude AI', '40000000-0000-0000-0000-000000000006', 20.00, 1, '2026-01-01', NULL, 'MENSUALISE', 'DEBUT_PERIODE', 28),
                                                                                                                                     ('71000000-0000-0000-0000-000000000060', '51000000-0000-0000-0000-000000000001', 'CHARGE', 'Spotify', '40000000-0000-0000-0000-000000000006', 14.00, 1, '2026-01-01', NULL, 'MENSUALISE', 'DEBUT_PERIODE', 29),
                                                                                                                                     ('71000000-0000-0000-0000-000000000061', '51000000-0000-0000-0000-000000000001', 'CHARGE', 'Crêche', '40000000-0000-0000-0000-000000000007', 1000.00, 1, '2027-01-01', NULL, 'MENSUALISE', 'DEBUT_PERIODE', 30),
                                                                                                                                     ('71000000-0000-0000-0000-000000000062', '51000000-0000-0000-0000-000000000001', 'CHARGE', 'Assurance bébé', '40000000-0000-0000-0000-000000000007', 50.00, 1, '2026-08-01', NULL, 'PERIODIQUE', 'DEBUT_PERIODE', 31);

-- ============================================================
--  RESERVES  (4 postes)
-- ============================================================
INSERT INTO poste (id, scenario_id, type, description, categorie_id, montant, periodicite_mois, debut, fin, mode, moment, ordre) VALUES
                                                                                                                                     ('71000000-0000-0000-0000-000000000063', '51000000-0000-0000-0000-000000000001', 'RESERVE', 'Epargne', '40000000-0000-0000-0000-000000000201', 200.00, 1, '2026-01-01', NULL, 'MENSUALISE', 'DEBUT_PERIODE', 0),
                                                                                                                                     ('71000000-0000-0000-0000-000000000064', '51000000-0000-0000-0000-000000000001', 'RESERVE', 'Investissement', '40000000-0000-0000-0000-000000000204', 150.00, 1, '2026-01-01', NULL, 'MENSUALISE', 'DEBUT_PERIODE', 1),
                                                                                                                                     ('71000000-0000-0000-0000-000000000065', '51000000-0000-0000-0000-000000000001', 'RESERVE', '3a pilier', '40000000-0000-0000-0000-000000000203', 3600.00, 12, '2025-11-01', NULL, 'PERIODIQUE', 'DEBUT_PERIODE', 2),
                                                                                                                                     ('71000000-0000-0000-0000-000000000066', '51000000-0000-0000-0000-000000000001', 'RESERVE', 'Imprévus', '40000000-0000-0000-0000-000000000202', 720.00, 12, '2025-01-01', NULL, 'MENSUALISE', 'DEBUT_PERIODE', 3);

-- ============================================================
--  REPARTITIONS PAR POSTE (override quand M1 != defaut 0.58)
-- ============================================================
INSERT INTO repartition_poste (id, poste_id, membre_id, quote_part) VALUES
                                                                        ('72000000-0000-0000-0000-000000000001', '71000000-0000-0000-0000-000000000001', '20000000-0000-0000-0000-000000000001', 1.000000),
                                                                        ('72000000-0000-0000-0000-000000000002', '71000000-0000-0000-0000-000000000001', '20000000-0000-0000-0000-000000000002', 0.000000),
                                                                        ('72000000-0000-0000-0000-000000000003', '71000000-0000-0000-0000-000000000002', '20000000-0000-0000-0000-000000000001', 0.000000),
                                                                        ('72000000-0000-0000-0000-000000000004', '71000000-0000-0000-0000-000000000002', '20000000-0000-0000-0000-000000000002', 1.000000),
                                                                        ('72000000-0000-0000-0000-000000000005', '71000000-0000-0000-0000-000000000003', '20000000-0000-0000-0000-000000000001', 1.000000),
                                                                        ('72000000-0000-0000-0000-000000000006', '71000000-0000-0000-0000-000000000003', '20000000-0000-0000-0000-000000000002', 0.000000),
                                                                        ('72000000-0000-0000-0000-000000000007', '71000000-0000-0000-0000-000000000004', '20000000-0000-0000-0000-000000000001', 0.500000),
                                                                        ('72000000-0000-0000-0000-000000000008', '71000000-0000-0000-0000-000000000004', '20000000-0000-0000-0000-000000000002', 0.500000),
                                                                        ('72000000-0000-0000-0000-000000000009', '71000000-0000-0000-0000-000000000005', '20000000-0000-0000-0000-000000000001', 1.000000),
                                                                        ('72000000-0000-0000-0000-000000000010', '71000000-0000-0000-0000-000000000005', '20000000-0000-0000-0000-000000000002', 0.000000),
                                                                        ('72000000-0000-0000-0000-000000000011', '71000000-0000-0000-0000-000000000006', '20000000-0000-0000-0000-000000000001', 1.000000),
                                                                        ('72000000-0000-0000-0000-000000000012', '71000000-0000-0000-0000-000000000006', '20000000-0000-0000-0000-000000000002', 0.000000),
                                                                        ('72000000-0000-0000-0000-000000000013', '71000000-0000-0000-0000-000000000007', '20000000-0000-0000-0000-000000000001', 1.000000),
                                                                        ('72000000-0000-0000-0000-000000000014', '71000000-0000-0000-0000-000000000007', '20000000-0000-0000-0000-000000000002', 0.000000),
                                                                        ('72000000-0000-0000-0000-000000000015', '71000000-0000-0000-0000-000000000008', '20000000-0000-0000-0000-000000000001', 1.000000),
                                                                        ('72000000-0000-0000-0000-000000000016', '71000000-0000-0000-0000-000000000008', '20000000-0000-0000-0000-000000000002', 0.000000),
                                                                        ('72000000-0000-0000-0000-000000000017', '71000000-0000-0000-0000-000000000009', '20000000-0000-0000-0000-000000000001', 1.000000),
                                                                        ('72000000-0000-0000-0000-000000000018', '71000000-0000-0000-0000-000000000009', '20000000-0000-0000-0000-000000000002', 0.000000),
                                                                        ('72000000-0000-0000-0000-000000000019', '71000000-0000-0000-0000-000000000010', '20000000-0000-0000-0000-000000000001', 1.000000),
                                                                        ('72000000-0000-0000-0000-000000000020', '71000000-0000-0000-0000-000000000010', '20000000-0000-0000-0000-000000000002', 0.000000),
                                                                        ('72000000-0000-0000-0000-000000000021', '71000000-0000-0000-0000-000000000011', '20000000-0000-0000-0000-000000000001', 1.000000),
                                                                        ('72000000-0000-0000-0000-000000000022', '71000000-0000-0000-0000-000000000011', '20000000-0000-0000-0000-000000000002', 0.000000),
                                                                        ('72000000-0000-0000-0000-000000000023', '71000000-0000-0000-0000-000000000012', '20000000-0000-0000-0000-000000000001', 1.000000),
                                                                        ('72000000-0000-0000-0000-000000000024', '71000000-0000-0000-0000-000000000012', '20000000-0000-0000-0000-000000000002', 0.000000),
                                                                        ('72000000-0000-0000-0000-000000000025', '71000000-0000-0000-0000-000000000013', '20000000-0000-0000-0000-000000000001', 1.000000),
                                                                        ('72000000-0000-0000-0000-000000000026', '71000000-0000-0000-0000-000000000013', '20000000-0000-0000-0000-000000000002', 0.000000),
                                                                        ('72000000-0000-0000-0000-000000000027', '71000000-0000-0000-0000-000000000014', '20000000-0000-0000-0000-000000000001', 1.000000),
                                                                        ('72000000-0000-0000-0000-000000000028', '71000000-0000-0000-0000-000000000014', '20000000-0000-0000-0000-000000000002', 0.000000),
                                                                        ('72000000-0000-0000-0000-000000000029', '71000000-0000-0000-0000-000000000015', '20000000-0000-0000-0000-000000000001', 1.000000),
                                                                        ('72000000-0000-0000-0000-000000000030', '71000000-0000-0000-0000-000000000015', '20000000-0000-0000-0000-000000000002', 0.000000),
                                                                        ('72000000-0000-0000-0000-000000000031', '71000000-0000-0000-0000-000000000016', '20000000-0000-0000-0000-000000000001', 1.000000),
                                                                        ('72000000-0000-0000-0000-000000000032', '71000000-0000-0000-0000-000000000016', '20000000-0000-0000-0000-000000000002', 0.000000),
                                                                        ('72000000-0000-0000-0000-000000000033', '71000000-0000-0000-0000-000000000017', '20000000-0000-0000-0000-000000000001', 1.000000),
                                                                        ('72000000-0000-0000-0000-000000000034', '71000000-0000-0000-0000-000000000017', '20000000-0000-0000-0000-000000000002', 0.000000),
                                                                        ('72000000-0000-0000-0000-000000000035', '71000000-0000-0000-0000-000000000018', '20000000-0000-0000-0000-000000000001', 1.000000),
                                                                        ('72000000-0000-0000-0000-000000000036', '71000000-0000-0000-0000-000000000018', '20000000-0000-0000-0000-000000000002', 0.000000),
                                                                        ('72000000-0000-0000-0000-000000000037', '71000000-0000-0000-0000-000000000019', '20000000-0000-0000-0000-000000000001', 1.000000),
                                                                        ('72000000-0000-0000-0000-000000000038', '71000000-0000-0000-0000-000000000019', '20000000-0000-0000-0000-000000000002', 0.000000),
                                                                        ('72000000-0000-0000-0000-000000000039', '71000000-0000-0000-0000-000000000020', '20000000-0000-0000-0000-000000000001', 1.000000),
                                                                        ('72000000-0000-0000-0000-000000000040', '71000000-0000-0000-0000-000000000020', '20000000-0000-0000-0000-000000000002', 0.000000),
                                                                        ('72000000-0000-0000-0000-000000000041', '71000000-0000-0000-0000-000000000021', '20000000-0000-0000-0000-000000000001', 1.000000),
                                                                        ('72000000-0000-0000-0000-000000000042', '71000000-0000-0000-0000-000000000021', '20000000-0000-0000-0000-000000000002', 0.000000),
                                                                        ('72000000-0000-0000-0000-000000000043', '71000000-0000-0000-0000-000000000022', '20000000-0000-0000-0000-000000000001', 1.000000),
                                                                        ('72000000-0000-0000-0000-000000000044', '71000000-0000-0000-0000-000000000022', '20000000-0000-0000-0000-000000000002', 0.000000),
                                                                        ('72000000-0000-0000-0000-000000000045', '71000000-0000-0000-0000-000000000023', '20000000-0000-0000-0000-000000000001', 1.000000),
                                                                        ('72000000-0000-0000-0000-000000000046', '71000000-0000-0000-0000-000000000023', '20000000-0000-0000-0000-000000000002', 0.000000),
                                                                        ('72000000-0000-0000-0000-000000000047', '71000000-0000-0000-0000-000000000024', '20000000-0000-0000-0000-000000000001', 1.000000),
                                                                        ('72000000-0000-0000-0000-000000000048', '71000000-0000-0000-0000-000000000024', '20000000-0000-0000-0000-000000000002', 0.000000),
                                                                        ('72000000-0000-0000-0000-000000000049', '71000000-0000-0000-0000-000000000025', '20000000-0000-0000-0000-000000000001', 1.000000),
                                                                        ('72000000-0000-0000-0000-000000000050', '71000000-0000-0000-0000-000000000025', '20000000-0000-0000-0000-000000000002', 0.000000),
                                                                        ('72000000-0000-0000-0000-000000000051', '71000000-0000-0000-0000-000000000026', '20000000-0000-0000-0000-000000000001', 1.000000),
                                                                        ('72000000-0000-0000-0000-000000000052', '71000000-0000-0000-0000-000000000026', '20000000-0000-0000-0000-000000000002', 0.000000),
                                                                        ('72000000-0000-0000-0000-000000000053', '71000000-0000-0000-0000-000000000027', '20000000-0000-0000-0000-000000000001', 1.000000),
                                                                        ('72000000-0000-0000-0000-000000000054', '71000000-0000-0000-0000-000000000027', '20000000-0000-0000-0000-000000000002', 0.000000),
                                                                        ('72000000-0000-0000-0000-000000000055', '71000000-0000-0000-0000-000000000028', '20000000-0000-0000-0000-000000000001', 1.000000),
                                                                        ('72000000-0000-0000-0000-000000000056', '71000000-0000-0000-0000-000000000028', '20000000-0000-0000-0000-000000000002', 0.000000),
                                                                        ('72000000-0000-0000-0000-000000000057', '71000000-0000-0000-0000-000000000029', '20000000-0000-0000-0000-000000000001', 1.000000),
                                                                        ('72000000-0000-0000-0000-000000000058', '71000000-0000-0000-0000-000000000029', '20000000-0000-0000-0000-000000000002', 0.000000),
                                                                        ('72000000-0000-0000-0000-000000000059', '71000000-0000-0000-0000-000000000030', '20000000-0000-0000-0000-000000000001', 1.000000),
                                                                        ('72000000-0000-0000-0000-000000000060', '71000000-0000-0000-0000-000000000030', '20000000-0000-0000-0000-000000000002', 0.000000),
                                                                        ('72000000-0000-0000-0000-000000000061', '71000000-0000-0000-0000-000000000048', '20000000-0000-0000-0000-000000000001', 0.420000),
                                                                        ('72000000-0000-0000-0000-000000000062', '71000000-0000-0000-0000-000000000048', '20000000-0000-0000-0000-000000000002', 0.580000),
                                                                        ('72000000-0000-0000-0000-000000000063', '71000000-0000-0000-0000-000000000051', '20000000-0000-0000-0000-000000000001', 1.000000),
                                                                        ('72000000-0000-0000-0000-000000000064', '71000000-0000-0000-0000-000000000051', '20000000-0000-0000-0000-000000000002', 0.000000),
                                                                        ('72000000-0000-0000-0000-000000000065', '71000000-0000-0000-0000-000000000052', '20000000-0000-0000-0000-000000000001', 1.000000),
                                                                        ('72000000-0000-0000-0000-000000000066', '71000000-0000-0000-0000-000000000052', '20000000-0000-0000-0000-000000000002', 0.000000),
                                                                        ('72000000-0000-0000-0000-000000000067', '71000000-0000-0000-0000-000000000053', '20000000-0000-0000-0000-000000000001', 1.000000),
                                                                        ('72000000-0000-0000-0000-000000000068', '71000000-0000-0000-0000-000000000053', '20000000-0000-0000-0000-000000000002', 0.000000),
                                                                        ('72000000-0000-0000-0000-000000000069', '71000000-0000-0000-0000-000000000054', '20000000-0000-0000-0000-000000000001', 1.000000),
                                                                        ('72000000-0000-0000-0000-000000000070', '71000000-0000-0000-0000-000000000054', '20000000-0000-0000-0000-000000000002', 0.000000),
                                                                        ('72000000-0000-0000-0000-000000000071', '71000000-0000-0000-0000-000000000055', '20000000-0000-0000-0000-000000000001', 1.000000),
                                                                        ('72000000-0000-0000-0000-000000000072', '71000000-0000-0000-0000-000000000055', '20000000-0000-0000-0000-000000000002', 0.000000),
                                                                        ('72000000-0000-0000-0000-000000000073', '71000000-0000-0000-0000-000000000056', '20000000-0000-0000-0000-000000000001', 1.000000),
                                                                        ('72000000-0000-0000-0000-000000000074', '71000000-0000-0000-0000-000000000056', '20000000-0000-0000-0000-000000000002', 0.000000),
                                                                        ('72000000-0000-0000-0000-000000000075', '71000000-0000-0000-0000-000000000057', '20000000-0000-0000-0000-000000000001', 1.000000),
                                                                        ('72000000-0000-0000-0000-000000000076', '71000000-0000-0000-0000-000000000057', '20000000-0000-0000-0000-000000000002', 0.000000),
                                                                        ('72000000-0000-0000-0000-000000000077', '71000000-0000-0000-0000-000000000058', '20000000-0000-0000-0000-000000000001', 1.000000),
                                                                        ('72000000-0000-0000-0000-000000000078', '71000000-0000-0000-0000-000000000058', '20000000-0000-0000-0000-000000000002', 0.000000),
                                                                        ('72000000-0000-0000-0000-000000000079', '71000000-0000-0000-0000-000000000059', '20000000-0000-0000-0000-000000000001', 1.000000),
                                                                        ('72000000-0000-0000-0000-000000000080', '71000000-0000-0000-0000-000000000059', '20000000-0000-0000-0000-000000000002', 0.000000),
                                                                        ('72000000-0000-0000-0000-000000000081', '71000000-0000-0000-0000-000000000060', '20000000-0000-0000-0000-000000000001', 1.000000),
                                                                        ('72000000-0000-0000-0000-000000000082', '71000000-0000-0000-0000-000000000060', '20000000-0000-0000-0000-000000000002', 0.000000),
                                                                        ('72000000-0000-0000-0000-000000000083', '71000000-0000-0000-0000-000000000063', '20000000-0000-0000-0000-000000000001', 1.000000),
                                                                        ('72000000-0000-0000-0000-000000000084', '71000000-0000-0000-0000-000000000063', '20000000-0000-0000-0000-000000000002', 0.000000),
                                                                        ('72000000-0000-0000-0000-000000000085', '71000000-0000-0000-0000-000000000064', '20000000-0000-0000-0000-000000000001', 1.000000),
                                                                        ('72000000-0000-0000-0000-000000000086', '71000000-0000-0000-0000-000000000064', '20000000-0000-0000-0000-000000000002', 0.000000),
                                                                        ('72000000-0000-0000-0000-000000000087', '71000000-0000-0000-0000-000000000065', '20000000-0000-0000-0000-000000000001', 1.000000),
                                                                        ('72000000-0000-0000-0000-000000000088', '71000000-0000-0000-0000-000000000065', '20000000-0000-0000-0000-000000000002', 0.000000),
                                                                        ('72000000-0000-0000-0000-000000000089', '71000000-0000-0000-0000-000000000066', '20000000-0000-0000-0000-000000000001', 1.000000),
                                                                        ('72000000-0000-0000-0000-000000000090', '71000000-0000-0000-0000-000000000066', '20000000-0000-0000-0000-000000000002', 0.000000);

-- ============================================================
--  VENTILATION PAR COMPTE (membre -> compte, selon colonnes Excel)
-- ============================================================
INSERT INTO ventilation_compte (id, poste_id, membre_id, compte_id) VALUES
                                                                        ('73000000-0000-0000-0000-000000000001', '71000000-0000-0000-0000-000000000001', '20000000-0000-0000-0000-000000000001', '30000000-0000-0000-0000-000000000001'),
                                                                        ('73000000-0000-0000-0000-000000000002', '71000000-0000-0000-0000-000000000002', '20000000-0000-0000-0000-000000000002', '30000000-0000-0000-0000-000000000001'),
                                                                        ('73000000-0000-0000-0000-000000000003', '71000000-0000-0000-0000-000000000003', '20000000-0000-0000-0000-000000000001', '30000000-0000-0000-0000-000000000001'),
                                                                        ('73000000-0000-0000-0000-000000000004', '71000000-0000-0000-0000-000000000004', '20000000-0000-0000-0000-000000000001', '30000000-0000-0000-0000-000000000001'),
                                                                        ('73000000-0000-0000-0000-000000000005', '71000000-0000-0000-0000-000000000005', '20000000-0000-0000-0000-000000000001', '30000000-0000-0000-0000-000000000001'),
                                                                        ('73000000-0000-0000-0000-000000000006', '71000000-0000-0000-0000-000000000006', '20000000-0000-0000-0000-000000000001', '30000000-0000-0000-0000-000000000001'),
                                                                        ('73000000-0000-0000-0000-000000000007', '71000000-0000-0000-0000-000000000007', '20000000-0000-0000-0000-000000000001', '30000000-0000-0000-0000-000000000001'),
                                                                        ('73000000-0000-0000-0000-000000000008', '71000000-0000-0000-0000-000000000008', '20000000-0000-0000-0000-000000000001', '30000000-0000-0000-0000-000000000001'),
                                                                        ('73000000-0000-0000-0000-000000000009', '71000000-0000-0000-0000-000000000009', '20000000-0000-0000-0000-000000000001', '30000000-0000-0000-0000-000000000001'),
                                                                        ('73000000-0000-0000-0000-000000000010', '71000000-0000-0000-0000-000000000010', '20000000-0000-0000-0000-000000000001', '30000000-0000-0000-0000-000000000001'),
                                                                        ('73000000-0000-0000-0000-000000000011', '71000000-0000-0000-0000-000000000011', '20000000-0000-0000-0000-000000000001', '30000000-0000-0000-0000-000000000001'),
                                                                        ('73000000-0000-0000-0000-000000000012', '71000000-0000-0000-0000-000000000012', '20000000-0000-0000-0000-000000000001', '30000000-0000-0000-0000-000000000001'),
                                                                        ('73000000-0000-0000-0000-000000000013', '71000000-0000-0000-0000-000000000013', '20000000-0000-0000-0000-000000000001', '30000000-0000-0000-0000-000000000001'),
                                                                        ('73000000-0000-0000-0000-000000000014', '71000000-0000-0000-0000-000000000014', '20000000-0000-0000-0000-000000000001', '30000000-0000-0000-0000-000000000001'),
                                                                        ('73000000-0000-0000-0000-000000000015', '71000000-0000-0000-0000-000000000015', '20000000-0000-0000-0000-000000000001', '30000000-0000-0000-0000-000000000001'),
                                                                        ('73000000-0000-0000-0000-000000000016', '71000000-0000-0000-0000-000000000016', '20000000-0000-0000-0000-000000000001', '30000000-0000-0000-0000-000000000001'),
                                                                        ('73000000-0000-0000-0000-000000000017', '71000000-0000-0000-0000-000000000017', '20000000-0000-0000-0000-000000000001', '30000000-0000-0000-0000-000000000001'),
                                                                        ('73000000-0000-0000-0000-000000000018', '71000000-0000-0000-0000-000000000018', '20000000-0000-0000-0000-000000000001', '30000000-0000-0000-0000-000000000001'),
                                                                        ('73000000-0000-0000-0000-000000000019', '71000000-0000-0000-0000-000000000019', '20000000-0000-0000-0000-000000000001', '30000000-0000-0000-0000-000000000001'),
                                                                        ('73000000-0000-0000-0000-000000000020', '71000000-0000-0000-0000-000000000020', '20000000-0000-0000-0000-000000000001', '30000000-0000-0000-0000-000000000001'),
                                                                        ('73000000-0000-0000-0000-000000000021', '71000000-0000-0000-0000-000000000021', '20000000-0000-0000-0000-000000000001', '30000000-0000-0000-0000-000000000001'),
                                                                        ('73000000-0000-0000-0000-000000000022', '71000000-0000-0000-0000-000000000022', '20000000-0000-0000-0000-000000000001', '30000000-0000-0000-0000-000000000001'),
                                                                        ('73000000-0000-0000-0000-000000000023', '71000000-0000-0000-0000-000000000023', '20000000-0000-0000-0000-000000000001', '30000000-0000-0000-0000-000000000001'),
                                                                        ('73000000-0000-0000-0000-000000000024', '71000000-0000-0000-0000-000000000024', '20000000-0000-0000-0000-000000000001', '30000000-0000-0000-0000-000000000001'),
                                                                        ('73000000-0000-0000-0000-000000000025', '71000000-0000-0000-0000-000000000025', '20000000-0000-0000-0000-000000000001', '30000000-0000-0000-0000-000000000001'),
                                                                        ('73000000-0000-0000-0000-000000000026', '71000000-0000-0000-0000-000000000026', '20000000-0000-0000-0000-000000000001', '30000000-0000-0000-0000-000000000001'),
                                                                        ('73000000-0000-0000-0000-000000000027', '71000000-0000-0000-0000-000000000027', '20000000-0000-0000-0000-000000000001', '30000000-0000-0000-0000-000000000001'),
                                                                        ('73000000-0000-0000-0000-000000000028', '71000000-0000-0000-0000-000000000028', '20000000-0000-0000-0000-000000000001', '30000000-0000-0000-0000-000000000001'),
                                                                        ('73000000-0000-0000-0000-000000000029', '71000000-0000-0000-0000-000000000029', '20000000-0000-0000-0000-000000000001', '30000000-0000-0000-0000-000000000001'),
                                                                        ('73000000-0000-0000-0000-000000000030', '71000000-0000-0000-0000-000000000030', '20000000-0000-0000-0000-000000000001', '30000000-0000-0000-0000-000000000001'),
                                                                        ('73000000-0000-0000-0000-000000000031', '71000000-0000-0000-0000-000000000031', '20000000-0000-0000-0000-000000000001', '30000000-0000-0000-0000-000000000001'),
                                                                        ('73000000-0000-0000-0000-000000000032', '71000000-0000-0000-0000-000000000032', '20000000-0000-0000-0000-000000000001', '30000000-0000-0000-0000-000000000003'),
                                                                        ('73000000-0000-0000-0000-000000000033', '71000000-0000-0000-0000-000000000033', '20000000-0000-0000-0000-000000000001', '30000000-0000-0000-0000-000000000003'),
                                                                        ('73000000-0000-0000-0000-000000000034', '71000000-0000-0000-0000-000000000034', '20000000-0000-0000-0000-000000000001', '30000000-0000-0000-0000-000000000003'),
                                                                        ('73000000-0000-0000-0000-000000000035', '71000000-0000-0000-0000-000000000035', '20000000-0000-0000-0000-000000000001', '30000000-0000-0000-0000-000000000003'),
                                                                        ('73000000-0000-0000-0000-000000000036', '71000000-0000-0000-0000-000000000036', '20000000-0000-0000-0000-000000000001', '30000000-0000-0000-0000-000000000003'),
                                                                        ('73000000-0000-0000-0000-000000000037', '71000000-0000-0000-0000-000000000037', '20000000-0000-0000-0000-000000000001', '30000000-0000-0000-0000-000000000001'),
                                                                        ('73000000-0000-0000-0000-000000000038', '71000000-0000-0000-0000-000000000038', '20000000-0000-0000-0000-000000000001', '30000000-0000-0000-0000-000000000001'),
                                                                        ('73000000-0000-0000-0000-000000000039', '71000000-0000-0000-0000-000000000039', '20000000-0000-0000-0000-000000000001', '30000000-0000-0000-0000-000000000003'),
                                                                        ('73000000-0000-0000-0000-000000000040', '71000000-0000-0000-0000-000000000040', '20000000-0000-0000-0000-000000000001', '30000000-0000-0000-0000-000000000001'),
                                                                        ('73000000-0000-0000-0000-000000000041', '71000000-0000-0000-0000-000000000041', '20000000-0000-0000-0000-000000000001', '30000000-0000-0000-0000-000000000001'),
                                                                        ('73000000-0000-0000-0000-000000000042', '71000000-0000-0000-0000-000000000042', '20000000-0000-0000-0000-000000000001', '30000000-0000-0000-0000-000000000001'),
                                                                        ('73000000-0000-0000-0000-000000000043', '71000000-0000-0000-0000-000000000043', '20000000-0000-0000-0000-000000000001', '30000000-0000-0000-0000-000000000003'),
                                                                        ('73000000-0000-0000-0000-000000000044', '71000000-0000-0000-0000-000000000044', '20000000-0000-0000-0000-000000000001', '30000000-0000-0000-0000-000000000003'),
                                                                        ('73000000-0000-0000-0000-000000000045', '71000000-0000-0000-0000-000000000045', '20000000-0000-0000-0000-000000000001', '30000000-0000-0000-0000-000000000003'),
                                                                        ('73000000-0000-0000-0000-000000000046', '71000000-0000-0000-0000-000000000046', '20000000-0000-0000-0000-000000000001', '30000000-0000-0000-0000-000000000003'),
                                                                        ('73000000-0000-0000-0000-000000000047', '71000000-0000-0000-0000-000000000047', '20000000-0000-0000-0000-000000000001', '30000000-0000-0000-0000-000000000004'),
                                                                        ('73000000-0000-0000-0000-000000000048', '71000000-0000-0000-0000-000000000048', '20000000-0000-0000-0000-000000000001', '30000000-0000-0000-0000-000000000001'),
                                                                        ('73000000-0000-0000-0000-000000000049', '71000000-0000-0000-0000-000000000049', '20000000-0000-0000-0000-000000000001', '30000000-0000-0000-0000-000000000003'),
                                                                        ('73000000-0000-0000-0000-000000000050', '71000000-0000-0000-0000-000000000050', '20000000-0000-0000-0000-000000000001', '30000000-0000-0000-0000-000000000003'),
                                                                        ('73000000-0000-0000-0000-000000000051', '71000000-0000-0000-0000-000000000051', '20000000-0000-0000-0000-000000000001', '30000000-0000-0000-0000-000000000001'),
                                                                        ('73000000-0000-0000-0000-000000000052', '71000000-0000-0000-0000-000000000052', '20000000-0000-0000-0000-000000000001', '30000000-0000-0000-0000-000000000001'),
                                                                        ('73000000-0000-0000-0000-000000000053', '71000000-0000-0000-0000-000000000053', '20000000-0000-0000-0000-000000000001', '30000000-0000-0000-0000-000000000001'),
                                                                        ('73000000-0000-0000-0000-000000000054', '71000000-0000-0000-0000-000000000054', '20000000-0000-0000-0000-000000000001', '30000000-0000-0000-0000-000000000005'),
                                                                        ('73000000-0000-0000-0000-000000000055', '71000000-0000-0000-0000-000000000055', '20000000-0000-0000-0000-000000000001', '30000000-0000-0000-0000-000000000001'),
                                                                        ('73000000-0000-0000-0000-000000000056', '71000000-0000-0000-0000-000000000056', '20000000-0000-0000-0000-000000000001', '30000000-0000-0000-0000-000000000003'),
                                                                        ('73000000-0000-0000-0000-000000000057', '71000000-0000-0000-0000-000000000057', '20000000-0000-0000-0000-000000000001', '30000000-0000-0000-0000-000000000001'),
                                                                        ('73000000-0000-0000-0000-000000000058', '71000000-0000-0000-0000-000000000058', '20000000-0000-0000-0000-000000000001', '30000000-0000-0000-0000-000000000005'),
                                                                        ('73000000-0000-0000-0000-000000000059', '71000000-0000-0000-0000-000000000059', '20000000-0000-0000-0000-000000000001', '30000000-0000-0000-0000-000000000005'),
                                                                        ('73000000-0000-0000-0000-000000000060', '71000000-0000-0000-0000-000000000060', '20000000-0000-0000-0000-000000000001', '30000000-0000-0000-0000-000000000005'),
                                                                        ('73000000-0000-0000-0000-000000000061', '71000000-0000-0000-0000-000000000061', '20000000-0000-0000-0000-000000000001', '30000000-0000-0000-0000-000000000001'),
                                                                        ('73000000-0000-0000-0000-000000000062', '71000000-0000-0000-0000-000000000062', '20000000-0000-0000-0000-000000000001', '30000000-0000-0000-0000-000000000004'),
                                                                        ('73000000-0000-0000-0000-000000000063', '71000000-0000-0000-0000-000000000063', '20000000-0000-0000-0000-000000000001', '30000000-0000-0000-0000-000000000002'),
                                                                        ('73000000-0000-0000-0000-000000000064', '71000000-0000-0000-0000-000000000064', '20000000-0000-0000-0000-000000000001', '30000000-0000-0000-0000-000000000005'),
                                                                        ('73000000-0000-0000-0000-000000000065', '71000000-0000-0000-0000-000000000065', '20000000-0000-0000-0000-000000000001', '30000000-0000-0000-0000-000000000006'),
                                                                        ('73000000-0000-0000-0000-000000000066', '71000000-0000-0000-0000-000000000066', '20000000-0000-0000-0000-000000000001', '30000000-0000-0000-0000-000000000001');

-- ============================================================
--  NOTE — faire de ce scenario la reference du foyer (optionnel)
-- ------------------------------------------------------------
--  Le foyer n'autorise qu'un seul scenario est_reference = TRUE.
--  Pour promouvoir « Budget reel (Excel complet) » en reference :
--
--    UPDATE scenario SET est_reference = false
--     WHERE id = '50000000-0000-0000-0000-000000000001';
--    UPDATE scenario SET est_reference = true
--     WHERE id = '51000000-0000-0000-0000-000000000001';
-- ============================================================